id,_3_4_methylenedioxyethylamphetamine,couleur,diametre,epaisseur,forme,hauteur,largeur,masse
2,,Blanche,0,0,,0,0,0
36,,Beige,11.09,4.31,Circulaire,0,0,450
39,,Blanc Cassé,0,0,,0,0,0
41,,Violet,15,9.1,Circulaire,0,0,450
58,,Beige,0,0,,0,0,0
59,,Beige,0,0,,0,0,0
60,,Beige,0,0,,0,0,0
61,,Beige,0,0,,0,0,0
62,,Beige,0,0,,0,0,0
63,,Beige,0,0,,0,0,0
64,,Beige,0,0,,0,0,0
65,,Grise,0,5.6,Autre,13,9.3,489
66,,Grise,0,5.6,Autre,13,9.3,489
67,,Grise,0,5.6,Autre,13,9.3,489
68,,Grise,0,5.6,Autre,13,9.3,489
69,,Grise,0,5.6,Autre,13,9.3,489
71,,Blanche,0,0,,0,0,0
72,,Blanche,0,0,,0,0,0
73,,Blanche,0,0,,0,0,0
74,,Blanche,0,0,,0,0,0
75,,Blanche,0,0,,0,0,0
76,,Blanche,0,0,,0,0,0
77,,Blanche,0,0,,0,0,0
78,,Blanche,0,0,,0,0,0
79,,Blanche,0,0,,0,0,0
80,,Blanche,0,0,,0,0,0
113,,Bleue,10,4,Circulaire,0,0,500
149,,Blanc Cassé,0,0,,0,0,0
163,,Grise,0,5.18,Triangulaire,10.04,10.55,408
164,,Beige,11.09,4.31,Circulaire,0,0,450
165,,Beige,11.07,3.51,Circulaire,0,0,382
166,,Vert,11.13,4.18,Circulaire,0,0,407
167,,Vert,11.1,3.84,Circulaire,0,0,403
168,,Blanche,0,4.62,Rectangulaire_Carré,6.06,12.13,413
169,,Beige,0,0,,0,0,0
170,,Beige,0,0,,0,0,0
171,,Beige,0,0,,0,0,0
172,,Beige,0,0,,0,0,0
249,,Orange,0,4.8,Polygonale,9.1,10.9,486.5
250,,Orange,0,4.8,Polygonale,9.1,10.9,486.5
251,,Orange,0,4.8,Polygonale,9.1,10.9,486.5
252,,Orange,0,4.8,Polygonale,9.1,10.9,486.5
253,,Orange,0,4.8,Polygonale,9.1,10.9,486.5
254,,Orange,0,4.8,Polygonale,9.1,10.9,486.5
255,,Orange,0,4.8,Polygonale,9.1,10.9,486.5
256,,Orange,0,4.8,Polygonale,9.1,10.9,486.5
257,,Orange,0,4.8,Polygonale,9.1,10.9,486.5
258,,Orange,0,4.8,Polygonale,9.1,10.9,486.5
259,,Orange,0,4.8,Polygonale,9.1,10.9,486.5
260,,Orange,0,4.8,Polygonale,9.1,10.9,486.5
261,,Orange,0,4.8,Polygonale,9.1,10.9,486.5
262,,Orange,0,4.8,Polygonale,9.1,10.9,486.5
263,,Orange,0,4.8,Polygonale,9.1,10.9,486.5
264,,Orange,0,4.8,Polygonale,9.1,10.9,486.5
265,,Orange,0,4.8,Polygonale,9.1,10.9,486.5
266,,Orange,0,4.8,Polygonale,9.1,10.9,486.5
269,,Rose,0,2,Autre,13,5,438
270,,Rose,0,2,Autre,13,5,438
271,,Rose,0,2,Autre,13,5,438
272,,Rose,0,2,Autre,13,5,438
297,,Translucide,0,0,,0,0,0
336,,Vert,11.18,4.17,Circulaire,0,0,375
337,,Vert,11.18,4.17,Circulaire,0,0,375
343,,Rouge,0,6.4,Rectangulaire_Carré,7.07,11.63,508
344,,Orange,0,4.57,Autre,12.15,9.16,409
373,,Jaune,0,4.92,Polygonale,11.72,8.6,396
395,,Vert,0,0,,0,0,0
404,,Blanc Cassé,0,0,,0,0,0
405,,Blanc Cassé,0,0,,0,0,0
406,,Blanc Cassé,0,0,,0,0,0
407,,Blanc Cassé,0,0,,0,0,0
408,,Blanc Cassé,0,0,,0,0,0
409,,Blanc Cassé,0,0,,0,0,0
410,,Blanc Cassé,0,0,,0,0,0
411,,Blanc Cassé,0,0,,0,0,0
412,,Blanc Cassé,0,0,,0,0,0
413,,Blanc Cassé,0,0,,0,0,0
414,,Blanc Cassé,0,0,,0,0,0
415,,Blanc Cassé,0,0,,0,0,0
416,,Blanc Cassé,0,0,,0,0,0
417,,Blanc Cassé,0,0,,0,0,0
418,,Blanc Cassé,0,0,,0,0,0
419,,Blanc Cassé,0,0,,0,0,0
420,,Blanc Cassé,0,0,,0,0,0
421,,Blanc Cassé,0,0,,0,0,0
422,,Blanc Cassé,0,0,,0,0,0
423,,Blanc Cassé,0,0,,0,0,0
424,,Blanc Cassé,0,0,,0,0,0
425,,Blanc Cassé,0,0,,0,0,0
426,,Blanc Cassé,0,0,,0,0,0
427,,Blanc Cassé,0,0,,0,0,0
428,,Blanc Cassé,0,0,,0,0,0
429,,Blanc Cassé,0,0,,0,0,0
430,,Blanc Cassé,0,0,,0,0,0
431,,Blanc Cassé,0,0,,0,0,0
432,,Blanc Cassé,0,0,,0,0,0
433,,Blanc Cassé,0,0,,0,0,0
434,,Blanc Cassé,0,0,,0,0,0
435,,Blanc Cassé,0,0,,0,0,0
436,,Blanc Cassé,0,0,,0,0,0
437,,Blanc Cassé,0,0,,0,0,0
438,,Blanc Cassé,0,0,,0,0,0
439,,Blanc Cassé,0,0,,0,0,0
440,,Blanc Cassé,0,0,,0,0,0
441,,Blanc Cassé,0,0,,0,0,0
442,,Blanc Cassé,0,0,,0,0,0
443,,Blanc Cassé,0,0,,0,0,0
447,,Blanc Cassé,0,0,,0,0,0
456,,Blanche,0,0,,0,0,0
457,,Blanche,0,0,,0,0,0
459,,Translucide,0,0,,0,0,0
479,,Vert,0,5.1,Autre,14,10,603
480,,Vert,0,5.1,Autre,14,10,603
481,,Vert,0,5.1,Autre,14,10,603
482,,Vert,0,5.1,Autre,14,10,603
483,,Vert,0,5.1,Autre,14,10,603
484,,Vert,0,5.1,Autre,14,10,603
522,,Rose,0,2.05,Rectangulaire_Carré,7.22,13.71,567
523,,Rose,0,2.05,Rectangulaire_Carré,7.22,13.71,567
524,,Rose,0,2.05,Rectangulaire_Carré,7.22,13.71,567
538,,Rose,0,4.3,Autre,14.72,10.68,542
556,,Blanc Cassé,0,0,,0,0,0
557,,Blanc Cassé,0,0,,0,0,0
558,,Blanc Cassé,0,0,,0,0,0
559,,Blanc Cassé,0,0,,0,0,0
560,,Blanc Cassé,0,0,,0,0,0
561,,Blanc Cassé,0,0,,0,0,0
612,,Rose,0,10.8,Triangulaire,10.57,5.63,445
613,,Rose,0,10.8,Triangulaire,10.57,5.63,445
614,,Rose,0,10.8,Triangulaire,10.57,5.63,445
615,,Rose,0,10.8,Triangulaire,10.57,5.63,445
616,,Rose,0,10.8,Triangulaire,10.57,5.63,445
617,,Rose,0,10.8,Triangulaire,10.57,5.63,445
618,,Rose,0,10.8,Triangulaire,10.57,5.63,445
619,,Rose,0,10.8,Triangulaire,10.57,5.63,445
620,,Rose,0,10.8,Triangulaire,10.57,5.63,445
621,,Rose,0,10.8,Triangulaire,10.57,5.63,445
623,,Vert,11.08,4.02,Circulaire,0,0,404
624,,Vert,11.08,3.78,Circulaire,0,0,401
625,,Blanche,0,5.13,Rectangulaire_Carré,6.08,12.18,419
626,,Blanche,0,5.13,Rectangulaire_Carré,6.08,12.18,419
627,,Blanche,0,5.13,Rectangulaire_Carré,6.08,12.18,419
628,,Blanche,0,4.97,Rectangulaire_Carré,6.08,12.19,422
632,,Jaune,0,5.59,Autre,12.05,7.56,416
633,,Jaune,0,5.59,Autre,12.05,7.56,416
652,,Blanche,0,5.1,Autre,12.1,8.3,410
653,,Blanche,0,5.1,Autre,12.1,8.3,410
721,,Grise,0,5.32,Triangulaire,10.09,10.61,413
722,,Grise,0,5.32,Triangulaire,10.09,10.61,413
723,,Grise,0,5.32,Triangulaire,10.09,10.61,413
724,,Grise,0,5.32,Triangulaire,10.09,10.61,413
725,,Grise,0,5.32,Triangulaire,10.09,10.61,413
731,,Beige,0,0,,0,0,0
732,,Bleue,0,5.85,Polygonale,8.9,10,483
733,,Bleue,0,5.85,Polygonale,8.9,10,483
734,,Bleue,0,5.85,Polygonale,8.9,10,483
735,,Bleue,0,5.85,Polygonale,8.9,10,483
736,,Bleue,0,5.85,Polygonale,8.9,10,483
737,,Grise,0,5.78,Polygonale,8.88,10.05,444
738,,Grise,0,5.78,Polygonale,8.88,10.05,444
739,,Grise,0,5.78,Polygonale,8.88,10.05,444
740,,Grise,0,5.78,Polygonale,8.88,10.05,444
741,,Grise,0,5.78,Polygonale,8.88,10.05,444
773,,Violet,0,0,,0,0,0
774,,Violet,0,0,,0,0,0
775,,Violet,0,0,,0,0,0
776,,Violet,0,0,,0,0,0
777,,Violet,0,0,,0,0,0
787,,Violet,0,0,,0,0,0
816,,Blanche,0,0,,0,0,0
817,,Blanche,0,0,,0,0,0
818,,Blanche,0,0,,0,0,0
819,,Blanche,0,0,,0,0,0
820,,Vert,0,5.6,Autre,9.5,7.3,250
835,,Rose,0,5.3,Autre,12.12,10.59,547
836,,Rose,0,5.3,Autre,12.12,10.59,547
837,,Rose,0,5.3,Autre,12.12,10.59,547
838,,Rose,0,5.3,Autre,12.12,10.59,547
839,,Vert,0,5.38,Autre,12.12,10.6,506
840,,Vert,0,5.38,Autre,12.12,10.6,506
843,,Beige,0,5.5,Autre,12.17,10.56,538
844,,Beige,0,5.5,Autre,12.17,10.56,538
846,,Grise,0,5.15,Autre,12.17,10.63,511
847,,Grise,0,5.15,Autre,12.17,10.63,511
848,,Jaune,0,4.79,Autre,7.55,12.05,334
849,,Jaune,0,4.79,Autre,7.55,12.05,334
850,,Jaune,0,4.79,Autre,7.55,12.05,334
851,,Jaune,0,4.79,Autre,7.55,12.05,334
852,,Violet,0,4.84,Autre,7.54,12.07,340
853,,Violet,0,4.84,Autre,7.54,12.07,340
854,,Violet,0,4.84,Autre,7.54,12.07,340
855,,Violet,0,4.84,Autre,7.54,12.07,340
856,,Rose,0,4.74,Autre,7.55,12.04,336
857,,Rose,0,4.74,Autre,7.55,12.04,336
880,,Bleue,0,4.85,Polygonale,13.14,10.96,523
881,,Bleue,0,4.85,Polygonale,13.14,10.96,523
882,,Bleue,0,4.85,Polygonale,13.14,10.96,523
883,,Bleue,0,4.85,Polygonale,13.14,10.96,523
884,,Bleue,0,4.85,Polygonale,13.14,10.96,523
885,,Jaune,0,5.14,Rectangulaire_Carré,9.09,9.09,488
886,,Jaune,0,5.14,Rectangulaire_Carré,9.09,9.09,488
887,,Jaune,0,5.14,Rectangulaire_Carré,9.09,9.09,488
888,,Jaune,0,5.14,Rectangulaire_Carré,9.09,9.09,488
889,,Jaune,0,5.14,Rectangulaire_Carré,9.09,9.09,488
917,,Blanche,0,0,,0,0,0
981,,Grise,0,4,Rectangulaire_Carré,8.1,10.2,384
982,,Grise,0,4,Rectangulaire_Carré,8.1,10.2,384
983,,Grise,0,4,Rectangulaire_Carré,8.1,10.2,384
984,,Grise,0,4,Rectangulaire_Carré,8.1,10.2,384
985,,Grise,0,4,Rectangulaire_Carré,8.1,10.2,384
986,,Vert,0,5.6,Triangulaire,10.3,8.9,399
987,,Vert,0,5.6,Triangulaire,10.3,8.9,399
988,,Vert,0,5.6,Triangulaire,10.3,8.9,399
989,,Vert,0,5.6,Triangulaire,10.3,8.9,399
990,,Vert,0,5.6,Triangulaire,10.3,8.9,399
991,,Bleue,0,5.3,Autre,13.8,11.2,555
992,,Bleue,0,5.3,Autre,13.8,11.2,555
993,,Bleue,0,5.3,Autre,13.8,11.2,555
994,,Bleue,0,5.3,Autre,13.8,11.2,583
995,,Bleue,0,5.3,Autre,13.8,11.2,583
996,,Bleue,0,5.3,Autre,13.8,11.2,583
997,,Bleue,0,5.3,Autre,13.8,11.2,583
998,,Bleue,0,5.2,Autre,13.8,11.2,541
999,,Bleue,0,5.2,Autre,13.8,11.2,541
1000,,Bleue,0,5.2,Autre,13.8,11.2,541
1001,,Vert,0,4.6,Rectangulaire_Carré,7.6,12,391.4
1002,,Vert,0,4.6,Rectangulaire_Carré,7.6,12,391.4
1003,,Vert,0,4.6,Rectangulaire_Carré,7.6,12,391.4
1004,,Vert,0,4.6,Rectangulaire_Carré,7.6,12,391.4
1005,,Vert,0,4.6,Rectangulaire_Carré,7.6,12,391.4
1006,,Grise,0,5.2,Autre,14.2,10.2,523
1007,,Grise,0,5.2,Autre,14.2,10.2,523
1008,,Grise,0,5.2,Autre,14.2,10.2,523
1009,,Grise,0,5.2,Autre,14.2,10.2,523
1010,,Grise,0,5.2,Autre,14.2,10.2,523
1045,,Bleue,0,5.52,Polygonale,10.55,14.09,459
1074,,Translucide,0,0,,0,0,0
1226,,Jaune,0,5.25,Rectangulaire_Carré,9.32,9.32,455
1232,,Jaune,0,5.12,Rectangulaire_Carré,9.34,9.34,448
1233,,Jaune,0,5.34,Rectangulaire_Carré,9.32,9.32,384
1234,,Rose,0,5.21,Rectangulaire_Carré,9.35,9.35,458
1235,,Rose,0,5.16,Rectangulaire_Carré,9.3,9.3,458
1236,,Rose,0,5.24,Rectangulaire_Carré,9.34,9.34,475
1254,,Bleue,0,3.93,Autre,12.01,12.01,404
1255,,Bleue,0,3.93,Autre,12.01,12.01,404
1256,,Bleue,0,3.93,Autre,12.01,12.01,404
1257,,Bleue,0,3.93,Autre,12.01,12.01,404
1258,,Bleue,0,3.93,Autre,12.01,12.01,404
1355,,Grise,0,5.69,Triangulaire,9.07,10.05,316
1356,,Grise,0,5.69,Triangulaire,9.07,10.05,316
1357,,Grise,0,5.69,Triangulaire,9.07,10.05,316
1358,,Grise,0,5.69,Triangulaire,9.07,10.05,316
1359,,Grise,0,5.69,Triangulaire,9.07,10.05,316
1430,,Rose,10.1,4.8,Circulaire,0,0,402
1431,,Rose,10.1,4.8,Circulaire,0,0,402
1432,,Rose,10.1,4.8,Circulaire,0,0,402
1433,,Grise,0,4.6,Polygonale,10.1,11.5,484
1434,,Grise,0,4.6,Polygonale,10.1,11.5,484
1435,,Grise,0,4.6,Polygonale,10.1,11.5,484
1459,,Beige,0,0,,0,0,0
1592,,Blanc Cassé,0,0,,0,0,0
1899,,Grise,0,4,Polygonale,10.6,10.6,439
1900,,Grise,0,4,Polygonale,10.6,10.6,439
1901,,Grise,0,0,,0,0,269
1902,,Beige,0,0,,0,0,0
1903,,Beige,0,0,,0,0,0
1904,,Beige,0,0,,0,0,0
1905,,Beige,0,0,,0,0,0
1906,,Beige,0,0,,0,0,0
1907,,Beige,0,0,,0,0,0
1908,,Blanc Cassé,0,0,,0,0,0
1930,,Translucide,0,0,,0,0,0
1960,,Rose,0,4.13,Autre,12.23,12.33,488
1961,,Rose,0,4.13,Autre,12.23,12.33,488
1962,,Bleue,0,4.75,Rectangulaire_Carré,9.16,9.16,469
1963,,Bleue,0,4.75,Rectangulaire_Carré,9.16,9.16,469
1964,,Marron,0,5.35,Autre,14.1,10.1,558
1965,,Marron,0,5.35,Autre,14.1,10.1,558
1966,,Grise,0,4.64,Autre,11.44,10.15,528
1967,,Grise,0,4.64,Autre,11.44,10.15,528
1983,,Bleue,0,9.07,Autre,11.11,9.14,518
1984,,Orange,0,5.79,Autre,11.18,10.68,502
1985,,Bleue,0,5.15,Polygonale,9.78,13.55,489
2012,,Grise,0,5.75,Autre,12.14,8.68,470
2013,,Grise,0,5.75,Autre,12.14,8.68,470
2014,,Grise,0,5.75,Autre,12.14,8.68,470
2022,,Rose,0,4.9,Autre,11,9.95,400
2023,,Rose,0,4.9,Autre,11,9.95,400
2024,,Rose,0,4.9,Autre,11,9.95,400
2066,,Orange,0,5.46,Polygonale,7.12,11.67,462
2067,,Orange,0,5.46,Polygonale,7.12,11.67,462
2068,,Orange,0,5.46,Polygonale,7.12,11.67,462
2069,,Orange,0,5.23,Polygonale,6.02,11.54,446
2071,,Bleue,0,4.84,Autre,13.11,12.79,535
2072,,Bleue,0,4.84,Autre,13.11,12.79,535
2073,,Bleue,0,4.84,Autre,13.11,12.79,535
2145,,Bleue,0,4.55,Rectangulaire_Carré,9.11,9.11,475
2146,,Bleue,0,4.55,Rectangulaire_Carré,9.11,9.11,475
2147,,Bleue,0,4.55,Rectangulaire_Carré,9.11,9.11,475
2187,,Blanche,0,0,,0,0,0
2188,,Blanche,0,0,,0,0,0
2189,,Bleue,0,4.47,Triangulaire,9.7,13.6,431
2190,,Bleue,0,4.47,Triangulaire,9.7,13.6,431
2191,,Bleue,0,4.47,Triangulaire,9.7,13.6,431
2192,,Bleue,0,5.5,Autre,12.1,8.1,420
2193,,Blanche,0,0,,0,0,0
2194,,Rose,7.1,4.3,Circulaire,0,0,214
2195,,Blanche,0,0,,0,0,0
2198,,Blanc Cassé,0,0,,0,0,0
2202,,Violet,0,4.64,Rectangulaire_Carré,9.07,9.07,448
2203,,Violet,0,4.64,Rectangulaire_Carré,9.07,9.07,448
2204,,Violet,0,4.64,Rectangulaire_Carré,9.07,9.07,448
2205,,Violet,0,4.64,Rectangulaire_Carré,9.07,9.07,448
2206,,Violet,0,4.72,Rectangulaire_Carré,9.06,9.06,456
2207,,Violet,0,4.72,Rectangulaire_Carré,9.06,9.06,456
2208,,Violet,0,4.72,Rectangulaire_Carré,9.06,9.06,456
2209,,Violet,0,4.72,Rectangulaire_Carré,9.06,9.06,456
2210,,Violet,0,4.72,Rectangulaire_Carré,9.06,9.06,456
2211,,Violet,0,4.62,Rectangulaire_Carré,9.02,9.02,456
2221,,Rose,0,5.5,Polygonale,7.1,11.7,490
2222,,Rose,0,5.5,Polygonale,7.1,11.7,490
2223,,Rose,0,5.5,Polygonale,7.1,11.7,490
2224,,Rose,0,5.5,Polygonale,7.1,11.7,490
2225,,Rose,0,5.5,Polygonale,7.1,11.7,490
2226,,Rose,0,5.5,Polygonale,7.1,11.7,490
2228,,Rose,0,4.8,Autre,10.1,10.7,347.6
2250,,Orange,0,3.42,Polygonale,13.44,15.18,585
2251,,Orange,0,3.42,Polygonale,13.44,15.18,585
2364,,Blanche,0,0,,0,0,0
2365,,Blanche,0,0,,0,0,0
2378,,Jaune,0,0,Polygonale,0,0,0
2379,,Jaune,0,0,Polygonale,0,0,0
2415,,Grise,0,4.7,Rectangulaire_Carré,8.1,8.1,363.4
2416,,Grise,0,3.6,Autre,12.7,9.3,467.6
2417,,Rose,0,5.1,Autre,9.8,9.3,337.1
2419,,Violet,0,4.3,Autre,9.7,9.7,342.9
2421,,Vert,0,4,Autre,11.5,8.8,201.5
2422,,Rose,0,4.6,Rectangulaire_Carré,8.1,8.1,374.2
2500,,Rose,0,5.4,Rectangulaire_Carré,9.4,9.4,525
2501,,Rose,0,5.4,Rectangulaire_Carré,9.4,9.4,525
2502,,Rose,0,5.4,Rectangulaire_Carré,9.4,9.4,525
2503,,Rose,0,5.4,Rectangulaire_Carré,9.4,9.4,525
2504,,Rose,0,5.4,Rectangulaire_Carré,9.4,9.4,525
2505,,Rose,0,5.4,Rectangulaire_Carré,9.4,9.4,525
2550,,Rose,0,2.61,Autre,11.49,10.31,246
2554,,Bleue,0,8.65,Triangulaire,12.1,5.24,393
2555,,Bleue,0,8.65,Triangulaire,12.1,5.24,393
2630,,Bleue,0,6.1,Polygonale,8.9,10.09,510
2631,,Bleue,0,6.1,Polygonale,8.9,10.09,510
2632,,Bleue,0,6.1,Polygonale,8.9,10.09,510
2633,,Bleue,0,6.1,Polygonale,8.9,10.09,510
2634,,Bleue,0,6.1,Polygonale,8.9,10.09,510
2652,,Blanche,0,0,,0,0,0
2660,,Beige,0,0,,0,0,0
2661,,Beige,0,0,,0,0,0
2662,,Grise,0,5.7,Autre,12.14,8.1,452
2663,,Grise,0,5.7,Autre,12.14,8.1,452
2697,,Rouge,8.04,4.12,Circulaire,0,0,305
2702,,Orange,0,4.96,Rectangulaire_Carré,7.1,12.14,411
2703,,Orange,0,4.96,Rectangulaire_Carré,7.1,12.14,411
2704,,Orange,0,4.96,Rectangulaire_Carré,7.1,12.14,411
2705,,Orange,0,4.96,Rectangulaire_Carré,7.1,12.14,411
2706,,Orange,0,4.96,Rectangulaire_Carré,7.1,12.14,411
2707,,Orange,0,4.96,Rectangulaire_Carré,7.1,12.14,411
2708,,Orange,0,4.96,Rectangulaire_Carré,7.1,12.14,411
2709,,Orange,0,4.96,Rectangulaire_Carré,7.1,12.14,411
2710,,Orange,0,4.96,Rectangulaire_Carré,7.1,12.14,411
2711,,Orange,0,4.96,Rectangulaire_Carré,7.1,12.14,411
2712,,Orange,0,4.96,Rectangulaire_Carré,7.1,12.14,411
2713,,Orange,0,4.96,Rectangulaire_Carré,7.1,12.14,411
2714,,Orange,0,4.96,Rectangulaire_Carré,7.1,12.14,411
2715,,Orange,0,4.91,Rectangulaire_Carré,7.18,12.24,392
2716,,Orange,0,4.91,Rectangulaire_Carré,7.18,12.24,392
2717,,Orange,0,4.91,Rectangulaire_Carré,7.18,12.24,392
2718,,Orange,0,4.91,Rectangulaire_Carré,7.18,12.24,392
2719,,Orange,0,4.91,Rectangulaire_Carré,7.18,12.24,392
2720,,Rouge,0,4.94,Rectangulaire_Carré,7.11,12.14,421
2721,,Rouge,0,4.94,Rectangulaire_Carré,7.11,12.14,421
2722,,Rouge,0,4.94,Rectangulaire_Carré,7.11,12.14,421
2723,,Rouge,0,4.94,Rectangulaire_Carré,7.11,12.14,421
2724,,Rouge,0,4.94,Rectangulaire_Carré,7.11,12.14,421
2725,,Rouge,0,4.94,Rectangulaire_Carré,7.11,12.14,421
2728,,Bleue,0,4.84,Rectangulaire_Carré,7.1,12.13,408
2729,,Bleue,0,4.84,Rectangulaire_Carré,7.1,12.13,408
2730,,Bleue,0,4.84,Rectangulaire_Carré,7.1,12.13,408
2734,,Bleue,0,4.72,Rectangulaire_Carré,7.16,12.2,404
2735,,Bleue,0,4.72,Rectangulaire_Carré,7.16,12.2,404
2736,,Vert,0,5.01,Rectangulaire_Carré,7.12,12.16,410
2737,,Vert,0,5.01,Rectangulaire_Carré,7.12,12.16,410
2738,,Vert,0,5.01,Rectangulaire_Carré,7.12,12.16,410
2739,,Vert,0,5.01,Rectangulaire_Carré,7.12,12.16,410
2740,,Vert,0,5.07,Rectangulaire_Carré,7.11,12.14,417
2741,,Vert,0,5.07,Rectangulaire_Carré,7.11,12.14,417
2742,,Vert,0,5.07,Rectangulaire_Carré,7.11,12.14,417
2743,,Grise,0,4.28,Rectangulaire_Carré,12.13,8.11,502
2744,,Grise,0,4.28,Rectangulaire_Carré,12.13,8.11,502
2745,,Rose,0,4.55,Rectangulaire_Carré,8.15,12.17,489
2746,,Rose,0,4.55,Rectangulaire_Carré,8.15,12.17,489
2756,,Violet,0,4.9,Polygonale,10,9,437
2757,,Violet,0,4.9,Polygonale,10,9,437
2758,,Violet,0,4.9,Polygonale,10,9,437
2763,,Rose,0,4.9,Autre,7,13,343.8
2764,,Rose,0,4.9,Autre,7,13,343.8
2765,,Rose,0,4.9,Autre,7,13,343.8
2766,,Rose,0,4.9,Autre,7,13,343.8
2767,,Rose,0,4.9,Autre,7,13,343.8
2878,,Jaune,0,0,Polygonale,0,0,0
2879,,Jaune,0,0,Polygonale,0,0,0
2900,,Bleue,0,5.9,Autre,15.16,10.23,646
2901,,Bleue,0,5.9,Autre,15.16,10.23,646
2902,,Bleue,0,5.9,Autre,15.16,10.23,646
2986,,Blanc Cassé,0,0,,0,0,0
3039,,Vert,0,6.17,Autre,11.17,9.12,474
3040,,Vert,0,6.17,Autre,11.17,9.12,474
3041,,Vert,0,6.17,Autre,11.17,9.12,474
3042,,Vert,0,6.17,Autre,11.17,9.12,474
3043,,Vert,0,6.17,Autre,11.17,9.12,474
3044,,Vert,0,6.17,Autre,11.17,9.12,474
3045,,Vert,0,6.17,Autre,11.17,9.12,474
3046,,Vert,0,6.17,Autre,11.17,9.12,485
3047,,Vert,0,6.17,Autre,11.17,9.12,485
3051,,Bleue,10.11,5.32,Circulaire,0,0,489
3052,,Translucide,0,0,,0,0,0
3054,,Translucide,0,0,,0,0,0
3057,,Translucide,0,0,,0,0,0
3075,,Translucide,0,0,,0,0,0
3084,,Translucide,0,0,,0,0,0
3106,,Bleue,0,5.57,Autre,11.09,11.79,536
3107,,Translucide,0,0,,0,0,0
3242,,Rose,0,0,Rectangulaire_Carré,0,0,219.5
3250,,Blanc Cassé,0,0,,0,0,0
3353,,Bleue,0,4.99,Polygonale,8.7,12.11,430
3483,,Rose,0,5.6,Autre,11.2,11.2,503
3484,,Rose,0,5.6,Autre,11.2,11.2,503
3558,,Beige,0,0,,0,0,0
3595,,Vert,0,5.02,Rectangulaire_Carré,7.12,12.18,413
3596,,Vert,0,5.02,Rectangulaire_Carré,7.12,12.18,413
3597,,Vert,0,5.02,Rectangulaire_Carré,7.12,12.18,413
3598,,Vert,0,5.02,Rectangulaire_Carré,7.12,12.18,413
3599,,Vert,0,5.02,Rectangulaire_Carré,7.12,12.18,413
3624,,Bleue,0,6,Autre,13.2,9.9,463
3625,,Vert,0,4.3,Autre,11.7,11,365
3626,,Rose,0,5.2,Polygonale,10.4,7.6,309
3627,,Violet,0,4,Rectangulaire_Carré,12.3,7.2,366
3634,,Jaune,0,5,Triangulaire,12,11,486
3635,,Jaune,0,0,,0,0,0
3636,,Orange,0,5,Polygonale,8,9,301
3640,,Blanche,0,0,,0,0,0
3822,,Bleue,0,5.4,Polygonale,10.7,9.6,479
3823,,Bleue,0,5.4,Polygonale,10.7,9.6,479
3824,,Bleue,0,5.4,Polygonale,10.7,9.6,479
3825,,Bleue,0,5.4,Polygonale,10.7,9.6,479
3826,,Bleue,0,5.4,Polygonale,10.7,9.6,479
3827,,Bleue,0,5.4,Polygonale,10.7,9.6,479
3828,,Bleue,0,5.4,Polygonale,10.7,9.6,479
3892,,Rose,0,5.53,Autre,14.85,10.25,522
3995,,Beige,0,0,,0,0,0
3996,,Beige,0,0,,0,0,0
3998,,Blanc Cassé,0,0,,0,0,0
3999,,Violet,0,4.8,Polygonale,14.8,11.1,480
4000,,Violet,0,4.8,Polygonale,14.8,11.1,480
4001,,Rose,0,4.3,Rectangulaire_Carré,0,6.1,176.6
4039,,Bleue,0,4.81,Autre,13.18,13.14,513
4040,,Bleue,0,4.81,Autre,13.18,13.14,513
4041,,Rose,9.62,4.78,Circulaire,0,0,348
4042,,Rose,9.62,4.78,Circulaire,0,0,348
4077,,Vert,0,4.98,Rectangulaire_Carré,5.07,14.16,418
4078,,Autre,0,5.16,Autre,10.16,10.53,432.8
4375,,Violet,0,4.9,Polygonale,15.3,11.1,502
4376,,Violet,0,4.9,Polygonale,15.3,11.1,502
4377,,Violet,0,4.9,Polygonale,15.3,11.1,502
4378,,Violet,0,4.9,Polygonale,15.3,11.1,502
4379,,Violet,0,4.9,Polygonale,15.3,11.1,502
4380,,Violet,0,4.9,Polygonale,15.3,11.1,502
4381,,Violet,0,4.9,Polygonale,15.3,11.1,502
4382,,Violet,0,4.9,Polygonale,15.3,11.1,502
4383,,Violet,0,4.9,Polygonale,15.3,11.1,502
4384,,Violet,0,4.9,Polygonale,15.3,11.1,502
4420,,Vert,0,5.58,Autre,11.14,11.5,606
4421,,Vert,0,5.58,Autre,11.14,11.5,606
4422,,Vert,0,5.58,Autre,11.14,11.5,606
4423,,Vert,0,5.58,Autre,11.14,11.5,606
4424,,Vert,0,5.58,Autre,11.14,11.5,606
4425,,Rose,0,4.36,Rectangulaire_Carré,6.12,11.15,329
4426,,Rose,0,4.36,Rectangulaire_Carré,6.12,11.15,329
4427,,Beige,0,0,,0,0,0
4491,,Rose,0,5.64,Autre,14.17,10.16,544
4499,,Beige,0,0,,0,0,0
4525,,Jaune,0,5.94,Autre,11.45,9.36,471
4526,,Jaune,0,5.94,Autre,11.45,9.36,471
4527,,Jaune,0,5.94,Autre,11.45,9.36,471
4528,,Jaune,0,5.94,Autre,11.45,9.36,471
4529,,Jaune,0,5.94,Autre,11.45,9.36,471
4530,,Jaune,0,5.94,Autre,11.45,9.36,471
4553,,Rose,10.16,5.03,Circulaire,0,0,398
4579,,Beige,0,0,,0,0,0
4622,,Grise,0,0,,0,0,0
4631,,Blanc Cassé,0,0,,0,0,0
4731,,Translucide,0,0,,0,0,0
4732,,Translucide,0,0,,0,0,0
4808,,Vert,0,0,Polygonale,0,0,207
4809,,Jaune,0,0,,0,0,0
4909,,Bleue,0,3.89,Autre,11.28,15.23,467
4910,,Bleue,0,3.89,Autre,11.28,15.23,467
4911,,Bleue,0,3.89,Autre,11.28,15.23,467
4912,,Bleue,0,3.89,Autre,11.28,15.23,467
4930,,Jaune,8,6.1,Circulaire,0,0,413
4931,,Rose,0,5.9,Autre,8.2,11,418
4932,,Beige,0,0,,0,0,0
4981,,Beige,0,0,,0,0,0
4982,,Grise,0,5.65,Autre,12.19,8.91,454
4983,,Grise,0,5.65,Autre,12.19,8.91,454
4984,,Grise,0,5.65,Autre,12.19,8.91,454
5025,,Grise,0,6.1,Autre,12.12,9.18,468
5026,,Grise,0,6.1,Autre,12.12,9.18,468
5034,,Bleue,0,0,,0,0,0
5035,,Bleue,0,0,,0,0,0
5055,,Orange,0,3.25,Polygonale,11.58,13.08,423.6
5056,,Orange,0,3.1,Polygonale,11.6,13.14,376.7
5072,,Beige,0,0,,0,0,0
5075,,Rose,0,0,,0,0,0
5077,,Beige,0,0,,0,0,0
5078,,Beige,0,0,,0,0,0
5079,,Marron,0,0,,0,0,0
5080,,Blanc Cassé,0,0,,0,0,0
5081,,Bleue,0,0,,0,0,0
5082,,Blanc Cassé,0,0,,0,0,0
5083,,Rose,0,0,,0,0,0
5084,,Beige,0,0,,0,0,0
5085,,Blanc Cassé,0,0,,0,0,0
5086,,Blanche,0,0,,0,0,0
5087,,Blanche,0,0,,0,0,0
5088,,Blanche,0,0,,0,0,0
5089,,Orange,0,4.52,Rectangulaire_Carré,6.72,15.53,431
5091,,Rouge,0,4.44,Rectangulaire_Carré,6.74,15.51,443
5174,,Blanche,0,0,,0,0,0
5175,,Blanche,0,0,,0,0,0
5176,,Blanche,0,0,,0,0,0
5197,,Rose,0,0,,0,0,0
5199,,Beige,0,0,,0,0,0
5220,0,Orange,0,5.98,Triangulaire,10.6,10.8,456
5221,,Jaune,0,3.42,Autre,13.16,11.08,441
5222,,Jaune,0,3.42,Autre,13.16,11.08,441
5223,,Jaune,0,3.42,Autre,13.16,11.08,441
5224,,Orange,0,5.96,Triangulaire,10.59,10.78,455
5225,,Vert,0,5.29,Triangulaire,11.28,10.08,383
5339,,Blanche,0,0,,0,0,0
5340,,Blanche,0,0,,0,0,0
5341,,Blanche,0,0,,0,0,0
5379,,Rose,0,5.3,Autre,12.1,10.6,600
5380,,Rose,0,6,Autre,12.1,10.6,700
5381,,Jaune,0,5.2,Autre,12.1,10.6,600
5388,,Bleue,0,5.14,Polygonale,14.32,10.17,485
5389,,Bleue,0,5.14,Polygonale,14.32,10.17,485
5390,,Bleue,0,5.14,Polygonale,14.32,10.17,485
5401,,Beige,0,0,,0,0,0
5402,,Beige,0,0,,0,0,0
5403,,Bleue,0,4.96,Autre,7.5,8.14,242
5404,,Bleue,0,4.96,Autre,7.5,8.14,242
5447,,Bleue,0,3.97,Autre,10.93,10.93,398
5448,,Bleue,0,3.97,Autre,10.93,10.93,398
5449,,Bleue,0,3.97,Autre,10.93,10.93,398
5450,,Bleue,0,3.97,Autre,10.93,10.93,398
5451,,Bleue,0,3.97,Autre,10.93,10.93,398
5460,,Beige,0,0,,0,0,0
5569,,Bleue,0,4.63,Autre,9.64,9.04,300
5570,,Bleue,0,4.63,Autre,9.64,9.04,300
5571,,Bleue,0,4.63,Autre,9.64,9.04,300
5572,,Bleue,0,4.63,Autre,9.64,9.04,300
5573,,Bleue,0,4.63,Autre,9.64,9.04,300
5603,,Rose,10.26,5.11,Circulaire,0,0,412
5642,,Blanche,0,0,,0,0,0
5643,,Blanche,0,0,,0,0,0
5644,,Blanche,0,0,,0,0,0
5645,,Blanche,0,0,,0,0,0
5646,,Blanche,0,0,,0,0,0
5771,,Rose,0,3.61,Autre,9.69,9.74,354
5781,,Bleue,0,4.61,Autre,15.17,9.77,509.1
5782,,Bleue,0,4.61,Autre,15.17,9.77,537.6
5783,,Orange,0,3.85,Polygonale,10.1,14.04,411.6
5784,,Orange,0,3.85,Polygonale,10.1,14.04,408.6
5785,,Orange,0,3.85,Polygonale,10.1,14.04,381.3
5813,,Grise,0,4,Rectangulaire_Carré,9,12,453
5861,,Rose,0,5.39,Autre,11.21,11.84,646
5862,,Rose,0,5.39,Autre,11.21,11.84,646
5916,,Blanc Cassé,0,0,,0,0,0
6112,,Translucide,0,0,,0,0,0
6184,,Rose,0,4.94,Autre,9.82,10.67,352
6185,,Rose,0,5.36,Autre,0,9.45,245
6213,,Blanche,10.16,4.6,Circulaire,0,0,361
6214,,Blanche,10.16,4.6,Circulaire,0,0,361
6248,,Bleue,0,3.5,Rectangulaire_Carré,6.14,13.17,311.7
6249,,Bleue,0,3.28,Rectangulaire_Carré,6.14,13.17,295.2
6354,,Grise,0,5.21,Autre,14.23,10.21,501
6395,,Jaune,0,5.9,Autre,8.1,12.1,463
6396,,Jaune,0,5.6,Autre,8.1,12.1,453
6397,,Jaune,0,5.6,Autre,8.1,12.1,453
6398,,Vert,0,4.2,Polygonale,8.2,12.2,288
6399,,Vert,0,4.2,Polygonale,8.2,12.2,288
6400,,Jaune,0,5.6,Autre,8.1,12.1,447
6409,,Grise,0,6,Autre,12.2,9.1,469
6410,,Bleue,0,5.8,Autre,8.1,12,454
6411,,Jaune,0,5.8,Autre,8.1,12.1,472
6412,,Jaune,0,5.2,Autre,12.2,7.8,382
6509,,Blanche,0,0,,0,0,0
6535,,Multicolore,0,4.44,Autre,8.82,12.13,492
6536,,Multicolore,0,4.44,Autre,8.82,12.13,492
6537,,Multicolore,0,4.44,Autre,8.82,12.13,492
6538,,Multicolore,0,4.44,Autre,8.82,12.13,492
6539,,Multicolore,0,4.44,Autre,8.82,12.13,492
6581,,Translucide,0,0,,0,0,0
6582,,Translucide,0,0,,0,0,0
6583,,Translucide,0,0,,0,0,0
6584,,Translucide,0,0,,0,0,0
6755,,Blanc Cassé,0,0,,0,0,0
6756,,Blanche,0,0,,0,0,0
6833,,Blanche,0,0,,0,0,0
6834,,Blanche,0,0,,0,0,0
6835,,Blanche,0,0,,0,0,0
6836,,Blanche,0,0,,0,0,0
6837,,Blanche,0,0,,0,0,0
6838,,Blanche,0,0,,0,0,0
6850,,Rose,0,5.56,Autre,11.23,11.35,660
6992,,Blanche,0,0,,0,0,0
6993,,Blanche,0,0,,0,0,0
7088,,Rose,0,4.43,Autre,8.1,20.26,657
7089,,Rose,0,4.43,Autre,8.1,20.26,657
7090,,Rose,0,4.43,Autre,8.1,20.26,657
7091,,Rose,0,4.43,Autre,8.1,20.26,657
7092,,Rose,0,4.43,Autre,8.1,20.26,657
7093,,Rose,0,4.43,Autre,8.1,20.26,657
7094,,Rose,0,4.43,Autre,8.1,20.26,657
7095,,Rose,0,4.43,Autre,8.1,20.26,657
7096,,Rose,0,4.43,Autre,8.1,20.26,657
7097,,Rose,0,4.43,Autre,8.1,20.26,657
7098,,Rose,0,4.43,Autre,8.1,20.26,657
7099,,Rose,0,4.43,Autre,8.1,20.26,657
7100,,Rose,0,4.43,Autre,8.1,20.26,657
7104,,Orange,0,4.84,Triangulaire,9.67,12.68,404
7105,,Orange,0,4.84,Triangulaire,9.67,12.68,404
7106,,Orange,0,4.84,Triangulaire,9.67,12.68,404
7107,,Orange,0,4.84,Triangulaire,9.67,12.68,404
7108,,Orange,0,4.84,Triangulaire,9.67,12.68,404
7109,,Orange,0,4.84,Triangulaire,9.67,12.68,404
7110,,Orange,0,4.84,Triangulaire,9.67,12.68,404
7111,,Blanc Cassé,0,0,,0,0,0
7118,,Orange,0,4.83,Triangulaire,9.66,12.64,419
7119,,Bleue,0,5.3,Triangulaire,9.6,12.58,474
7168,,Translucide,0,0,,0,0,0
7169,,Translucide,0,0,,0,0,0
7176,,Rose,0,4.85,Polygonale,10.09,14.11,502.1
7177,,Rose,0,4.85,Polygonale,10.09,14.11,489
7254,,Bleue,0,4.76,Autre,11.99,9.1,443.3
7255,,Bleue,0,4.76,Autre,11.99,9.1,441
7256,,Bleue,0,4.76,Autre,11.99,9.1,441
7257,,Bleue,0,4.76,Autre,11.99,9.1,441
7258,,Bleue,0,4.76,Autre,11.99,9.1,503.7
7259,,Bleue,0,5.61,Autre,12.08,9.32,542.3
7260,,Bleue,0,5.61,Autre,12.08,9.32,542.3
7261,,Bleue,0,5.61,Autre,12.08,9.32,542.3
7262,,Bleue,0,5.61,Autre,12.08,9.32,542.3
7265,,Grise,0,11.66,Polygonale,13.66,4.8,531
7270,,Rose,0,4.85,Autre,10.72,11.21,409.3
7271,,Rose,0,4.85,Autre,10.72,11.21,409.3
7272,,Rose,0,4.85,Autre,10.72,11.21,409.3
7273,,Rose,0,4.85,Autre,10.72,11.21,409.3
7274,,Rose,0,4.85,Autre,10.72,11.21,409.3
7308,,Beige,0,0,,0,0,0
7381,,Grise,0,5.79,Autre,12.15,8.16,447
7382,,Grise,0,5.79,Autre,12.15,8.16,447
7383,,Grise,0,5.79,Autre,12.15,8.16,447
7384,,Blanche,0,4.42,Autre,8.9,8.49,391
7398,,Bleue,0,4.68,Polygonale,10.1,14.22,425
7399,,Bleue,0,4.68,Polygonale,10.1,14.22,425
7400,,Bleue,0,4.68,Polygonale,10.1,14.22,425
7633,,Grise,0,5.79,Autre,12.15,8.16,447
7787,,Blanc Cassé,0,0,,0,0,0
7788,,Blanc Cassé,0,0,,0,0,0
7789,,Orange,0,0,,0,0,0
7790,,Blanc Cassé,0,0,,0,0,0
7791,,Blanc Cassé,0,0,,0,0,0
7792,,Blanc Cassé,0,0,,0,0,0
7793,,Blanc Cassé,0,0,,0,0,0
7794,,Blanc Cassé,0,0,,0,0,0
7795,,Grise,0,5.74,Autre,12.22,8.21,454
7796,,Grise,0,5.74,Autre,12.22,8.21,454
7797,,Grise,0,5.74,Autre,12.22,8.21,454
7798,,Grise,0,5.74,Autre,12.22,8.21,454
7799,,Grise,0,5.74,Autre,12.22,8.21,454
7804,,Bleue,0,11.12,Autre,11.07,5.34,446
7805,,Bleue,0,11.12,Autre,11.07,5.34,446
7806,,Bleue,0,11.12,Autre,11.07,5.34,446
7807,,Bleue,0,11.12,Autre,11.07,5.34,446
7808,,Bleue,0,11.12,Autre,11.07,5.34,446
7829,,Translucide,0,0,,0,0,0
7830,,Translucide,0,0,,0,0,0
7831,,Translucide,0,0,,0,0,0
7832,,Translucide,0,0,,0,0,0
7833,,Translucide,0,0,,0,0,0
7834,,Translucide,0,0,,0,0,0
7835,,Translucide,0,0,,0,0,0
7926,,Blanche,0,0,,0,0,0
7937,,Translucide,0,0,,0,0,0
7938,,Translucide,0,0,,0,0,0
7939,,Translucide,0,0,,0,0,0
7940,,Translucide,0,0,,0,0,0
7941,,Translucide,0,0,,0,0,0
7942,,Translucide,0,0,,0,0,0
7943,,Translucide,0,0,,0,0,0
7944,,Translucide,0,0,,0,0,0
7945,,Translucide,0,0,,0,0,0
7946,,Translucide,0,0,,0,0,0
7947,,Translucide,0,0,,0,0,0
7948,,Rose,0,5.29,Autre,13.3,9.22,473
7949,,Rose,0,5.29,Autre,13.3,9.22,473
7950,,Rose,0,5.29,Autre,13.3,9.22,473
7951,,Rose,0,5.29,Autre,13.3,9.22,473
7952,,Rose,0,5.29,Autre,13.3,9.22,473
7954,,Rose,0,5.68,Autre,10.51,12.01,525
7955,,Rose,0,5.68,Autre,10.51,12.01,525
7956,,Rose,0,5.68,Autre,10.51,12.01,525
7957,,Rose,0,5.68,Autre,10.51,12.01,525
7958,,Rose,0,5.68,Autre,10.51,12.01,525
7964,,Violet,0,6.06,Triangulaire,10.43,9,393
7965,,Violet,0,6.06,Triangulaire,10.43,9,393
7966,,Violet,0,6.06,Triangulaire,10.43,9,393
7967,,Violet,0,6.06,Triangulaire,10.43,9,393
7968,,Violet,0,6.06,Triangulaire,10.43,9,393
7970,,Rose,0,5.52,Autre,14.21,10.15,550
7971,,Rose,0,5.52,Autre,14.21,10.15,550
7972,,Rose,0,5.52,Autre,14.21,10.15,550
7973,,Bleue,0,3.39,Rectangulaire_Carré,6.16,13.21,261
7974,,Bleue,0,3.39,Rectangulaire_Carré,6.16,13.21,261
7985,,Rose,0,5.64,Autre,12.22,10.69,551
7986,,Rose,0,5.64,Autre,12.22,10.69,551
7987,,Violet,0,5.49,Autre,12.18,10.65,569
7988,,Violet,0,5.49,Autre,12.18,10.65,569
7989,,Grise,0,5.26,Autre,12.14,10.16,513
7990,,Grise,0,5.5,Autre,12.22,10.71,537
7991,,Beige,0,5.28,Autre,12.21,10.7,499
7992,,Beige,0,5.28,Autre,12.21,10.7,499
8026,,Violet,0,5.38,Autre,12.2,10.68,577
8027,,Violet,0,5.38,Autre,12.2,10.68,577
8028,,Violet,0,5.38,Autre,12.2,10.68,577
8029,,Violet,0,5.38,Autre,12.2,10.68,577
8030,,Violet,0,5.38,Autre,12.2,10.68,577
8155,,Translucide,0,0,,0,0,0
8156,,Translucide,0,0,,0,0,0
8157,,Translucide,0,0,,0,0,0
8158,,Translucide,0,0,,0,0,0
8159,,Translucide,0,0,,0,0,0
8160,,Translucide,0,0,,0,0,0
8164,,Vert,0,5.74,Autre,11.31,11.57,592
8167,,Blanc Cassé,0,0,,0,0,0
8168,,Blanc Cassé,0,0,,0,0,0
8169,,Blanc Cassé,0,0,,0,0,0
8230,,Violet,0,4.5,Rectangulaire_Carré,12.2,6.2,389.6
8359,,Translucide,0,0,,0,0,0
8370,,Marron,0,0,,0,0,0
8371,,Marron,0,0,,0,0,0
8437,,Grise,0,5.48,Autre,14.39,10.31,508
8493,,Beige,0,0,,0,0,0
8494,,Beige,0,0,,0,0,0
8496,,Beige,0,5.5,Autre,12.1,7.9,470
8497,,Violet,0,5.6,Autre,9.4,9.7,373
8498,,Violet,0,5.6,Autre,9.4,9.7,373
8499,,Orange,0,5.3,Triangulaire,10.7,11.9,400
8557,,Translucide,0,0,,0,0,0
8604,,Blanche,0,0,,0,0,0
8740,,Rose,0,5.75,Autre,14.21,10.2,562
8743,,Rose,0,5.5,Autre,14.2,10.18,570
8763,,Vert,0,4.81,Polygonale,7.56,12.09,400
8786,,Autre,0,4.18,Rectangulaire_Carré,9.17,9.19,440
8787,,Autre,0,4.18,Rectangulaire_Carré,9.17,9.19,443
8788,,Autre,0,4.18,Rectangulaire_Carré,9.17,9.19,443
8789,,Autre,0,4.18,Rectangulaire_Carré,9.17,9.19,417
8791,,Translucide,0,0,,0,0,0
8822,,Translucide,0,0,,0,0,0
8823,,Translucide,0,0,,0,0,0
8824,,Blanche,0,0,,0,0,0
8890,,Bleue,0,4.84,Autre,11.98,9.11,449
8891,,Bleue,0,4.84,Autre,11.98,9.11,449
8892,,Bleue,0,4.84,Autre,11.98,9.11,505
8893,,Bleue,0,4.84,Autre,11.98,9.11,476
8894,,Bleue,0,4.84,Autre,11.98,9.11,476
8895,,Bleue,0,5.81,Autre,11.99,9.12,601
8935,,Beige,0,5.45,Autre,11.04,7.31,344
9043,,Violet,0,4.1,Autre,10,10,350
9044,,Violet,0,4.1,Autre,10,10,350
9045,,Violet,0,4.1,Autre,10,10,350
9046,,Violet,0,4.1,Autre,10,10,350
9047,,Violet,0,4.1,Autre,10,10,350
9048,,Violet,0,4.1,Autre,10,10,350
9049,,Violet,0,4.1,Autre,10,10,350
9064,,Grise,0,5.81,Autre,12.17,8.13,463
9065,,Grise,0,5.81,Autre,12.17,8.13,463
9066,,Grise,0,5.81,Autre,12.17,8.13,463
9067,,Blanche,0,0,,0,0,0
9074,,Translucide,0,0,,0,0,0
9078,,Translucide,0,0,,0,0,0
9079,,Translucide,0,0,,0,0,0
9080,,Grise,0,5.81,Autre,12.17,8.13,451
9081,,Grise,0,5.81,Autre,12.17,8.13,451
9208,,Rose,0,0,,0,0,0
9209,,Rose,0,5.66,Autre,14.18,10.18,607
9210,,Rose,0,5.66,Autre,14.18,10.18,607
9211,,Rose,0,5.66,Autre,14.18,10.18,607
9212,,Rose,0,5.66,Autre,14.18,10.18,607
9213,,Rose,0,5.66,Autre,14.18,10.18,607
9214,,Marron,0,4.7,Rectangulaire_Carré,9.3,9.3,460
9215,,Marron,0,4.7,Rectangulaire_Carré,9.3,9.3,460
9216,,Jaune,0,0,,0,0,0
9227,,Rose,0,5.24,Autre,12.17,10.66,571
9228,,Beige,0,0,,0,0,0
9229,,Marron,0,0,,0,0,0
9664,,Rose,0,11.28,Autre,11.17,4.58,557
9715,,Beige,0,4.9,Autre,14.1,9.8,529
9724,,Grise,0,0,,0,0,0
9744,,Translucide,0,0,,0,0,0
9808,,Blanc Cassé,0,0,,0,0,0
9820,,Rose,0,4.64,Polygonale,10.08,14.16,443
9821,,Rose,0,4.64,Polygonale,10.08,14.16,443
9822,,Rose,0,4.64,Polygonale,10.08,14.16,443
9823,,Rose,0,4.64,Polygonale,10.08,14.16,443
9824,,Rose,0,4.64,Polygonale,10.08,14.16,442
9826,,Translucide,0,0,,0,0,0
9860,,Translucide,0,0,,0,0,0
9865,,Rose,0,0,,0,0,0
9889,,Blanche,0,0,,0,0,0
9940,,Bleue,0,4.21,Autre,0,0,130
10007,,Bleue,0,4.75,Polygonale,10.16,14.2,426
10008,,Bleue,0,4.75,Polygonale,10.16,14.2,426
10009,,Bleue,0,4.75,Polygonale,10.16,14.2,426
10010,,Bleue,0,4.75,Polygonale,10.16,14.2,426
10011,,Bleue,0,4.75,Polygonale,10.16,14.2,426
10012,,Orange,0,5.97,Autre,11.03,7.42,354
10013,,Orange,0,5.97,Autre,11.03,7.42,354
10014,,Orange,0,5.97,Autre,11.03,7.42,354
10015,,Orange,0,5.97,Autre,11.03,7.42,354
10016,,Orange,0,5.97,Autre,11.03,7.42,354
10017,,Bleue,0,4.75,Polygonale,10.16,14.2,426
10018,,Bleue,0,4.75,Polygonale,10.16,14.2,426
10019,,Bleue,0,4.75,Polygonale,10.16,14.2,426
10020,,Bleue,0,4.75,Polygonale,10.16,14.2,426
10021,,Bleue,0,4.75,Polygonale,10.16,14.2,426
10050,,Bleue,0,5.64,Polygonale,10.11,14.04,600
10051,,Bleue,0,5.64,Polygonale,10.11,14.04,600
10052,,Bleue,0,5.64,Polygonale,10.11,14.04,600
10053,,Bleue,0,5.64,Polygonale,10.11,14.04,600
10054,,Bleue,0,5.64,Polygonale,10.11,14.04,600
10055,,Rose,0,4.86,Polygonale,10.16,14.27,462
10056,,Translucide,0,0,,0,0,0
10085,,Bleue,0,4.6,Autre,11.9,11.4,399
10086,,Bleue,0,4.6,Autre,11.9,11.4,399
10087,,Bleue,0,4.6,Autre,11.9,11.4,399
10109,,Blanche,0,0,,0,0,0
10111,,Rose,0,5.2,Polygonale,10.11,14.1,588
10158,,Vert,0,6.18,Autre,12.2,9.12,491
10159,,Violet,0,5.78,Autre,12.13,9.14,452
10177,,Beige,0,0,,0,0,0
10178,,Beige,0,0,,0,0,0
10179,,Bleue,0,3.89,Autre,12.09,11.11,382
10180,,Bleue,0,3.89,Autre,12.09,11.11,382
10187,,Beige,0,0,,0,0,0
10196,,Grise,0,0,,0,0,0
10285,,Beige,0,0,,0,0,0
10429,,Grise,0,6.11,Triangulaire,9.7,12.65,517
10430,,Grise,0,6.11,Triangulaire,9.7,12.65,517
10431,,Grise,0,5.48,Triangulaire,9.66,12.64,498
10432,,Grise,0,5.48,Triangulaire,9.66,12.64,498
10444,,Translucide,0,0,,0,0,0
10445,,Translucide,0,0,,0,0,0
10446,,Translucide,0,0,,0,0,0
10497,,Vert,0,4.3,Rectangulaire_Carré,6.64,11.94,388
10498,,Vert,0,4.3,Rectangulaire_Carré,6.64,11.94,388
10499,,Vert,0,4.3,Rectangulaire_Carré,6.64,11.94,388
10501,,Translucide,0,0,,0,0,0
10600,,Beige,0,0,,0,0,0
10673,,Rose,0,5.6,Polygonale,13.76,13.76,521.3
10674,,Rose,0,5.13,Polygonale,13.7,13.7,549.1
10787,,Beige,0,4.3,Autre,11.3,11.2,405
10788,,Jaune,0,5.6,Autre,14.2,10.2,647
10789,,Vert,0,5.5,Autre,12.2,10.7,580
10790,,Beige,0,5.3,Autre,12.2,10.1,561
10791,,Rose,0,5.3,Autre,12.2,10.7,567
10792,,Grise,0,5.5,Autre,12.2,10.1,593
10793,,Jaune,0,6.1,Autre,14.2,11.2,647
10804,,Blanche,0,0,,0,0,0
10805,,Blanche,0,0,,0,0,0
10808,,Rose,10.2,5.2,Circulaire,0,0,389
10839,,Jaune,0,6,Polygonale,12,12,677
10840,,Beige,0,0,,0,0,0
10970,,Violet,0,4.24,Autre,10.05,10.05,351
10971,,Violet,0,4.24,Autre,10.05,10.05,351
10972,,Violet,0,4.24,Autre,10.05,10.05,351
10973,,Violet,0,4.24,Autre,10.05,10.05,351
11035,,Marron,0,0,,0,0,0
11036,,Bleue,0,5.6,Polygonale,10.15,14.11,581
11037,,Bleue,0,5.6,Polygonale,10.15,14.11,581
11038,,Bleue,0,5.6,Polygonale,10.15,14.11,581
11049,,Translucide,0,0,,0,0,0
11112,,Beige,0,2.72,Polygonale,11.64,13.15,360
11113,,Beige,0,2.72,Polygonale,11.64,13.15,360
11114,,Beige,0,2.72,Polygonale,11.64,13.15,360
11115,,Beige,0,2.72,Polygonale,11.64,13.15,360
11116,,Beige,0,2.72,Polygonale,11.64,13.15,360
11118,,Rose,0,4.25,Autre,11.13,12.09,436
11119,,Rose,0,4.25,Autre,11.13,12.09,436
11120,,Rose,0,4.25,Autre,11.13,12.09,436
11123,,Bleue,0,3.47,Polygonale,11.56,13.18,433
11124,,Bleue,0,3.47,Polygonale,11.56,13.18,433
11126,,Beige,0,0,,0,0,0
11129,,Bleue,0,4.48,Polygonale,10.12,14.18,428
11134,,Blanche,0,0,,0,0,0
11185,,Beige,0,0,,0,0,0
11186,,Beige,0,0,,0,0,0
11191,,Blanche,0,0,,0,0,0
11235,,Vert,0,0,,0,0,0
11237,,Vert,0,0,,0,0,0
11239,,Jaune,0,0,,0,0,0
11296,,Rose,0,0,,0,0,0
11330,,Beige,0,5.01,Autre,14.09,10.1,530
11331,,Beige,0,5.01,Autre,14.09,10.1,530
11332,,Beige,0,5.01,Autre,14.09,10.1,530
11333,,Beige,0,5.01,Autre,14.09,10.1,530
11334,,Beige,0,5.01,Autre,14.09,10.1,530
11335,,Bleue,0,4.98,Polygonale,11.67,13.73,525
11336,,Bleue,0,4.98,Polygonale,11.67,13.73,525
11337,,Bleue,0,4.98,Polygonale,11.67,13.73,525
11338,,Bleue,0,4.98,Polygonale,11.67,13.73,525
11339,,Bleue,0,4.98,Polygonale,11.67,13.73,525
11353,,Rose,0,5.37,Autre,12.3,10.71,572
11354,,Rose,0,5.37,Autre,12.3,10.71,572
11355,,Rose,0,5.37,Autre,12.3,10.71,572
11356,,Rose,0,5.37,Autre,12.3,10.71,572
11357,,Rose,0,5.37,Autre,12.3,10.71,572
11359,,Jaune,0,5.45,Autre,12.31,10.74,568
11360,,Jaune,0,5.45,Autre,12.31,10.74,568
11361,,Jaune,0,5.45,Autre,12.31,10.74,568
11362,,Jaune,0,5.45,Autre,12.31,10.74,568
11363,,Jaune,0,5.45,Autre,12.31,10.74,568
11364,,Vert,0,5.33,Autre,12.25,10.75,562
11365,,Vert,0,5.33,Autre,12.25,10.75,562
11366,,Vert,0,5.33,Autre,12.25,10.75,562
11367,,Vert,0,5.33,Autre,12.25,10.75,562
11368,,Vert,0,5.33,Autre,12.25,10.75,562
11370,,Grise,0,5.59,Autre,12.23,8.17,455
11371,,Grise,0,5.59,Autre,12.23,8.17,455
11372,,Grise,0,5.59,Autre,12.23,8.17,455
11373,,Grise,0,5.59,Autre,12.23,8.17,455
11374,,Grise,0,5.59,Autre,12.23,8.17,455
11450,,Violet,0,5.03,Rectangulaire_Carré,6.16,12.31,390
11451,,Violet,0,5.03,Rectangulaire_Carré,6.16,12.31,390
11452,,Violet,0,5.03,Rectangulaire_Carré,6.16,12.31,390
11453,,Violet,0,5.03,Rectangulaire_Carré,6.16,12.31,390
11454,,Violet,0,5.03,Rectangulaire_Carré,6.16,12.31,390
11455,,Violet,0,4.64,Rectangulaire_Carré,6.15,12.3,394
11456,,Violet,0,4.64,Rectangulaire_Carré,6.15,12.3,394
11457,,Violet,0,4.64,Rectangulaire_Carré,6.15,12.3,394
11458,,Violet,0,4.64,Rectangulaire_Carré,6.15,12.3,394
11459,,Violet,0,4.64,Rectangulaire_Carré,6.15,12.3,394
11624,,Translucide,0,0,,0,0,0
11625,,Translucide,0,0,,0,0,0
11626,,Jaune,0,0,,0,0,0
11627,,Jaune,0,0,,0,0,0
11729,,Blanche,0,0,,0,0,0
11730,,Blanche,0,0,,0,0,0
11731,,Blanche,0,0,,0,0,0
11732,,Blanche,0,0,,0,0,0
11733,,Blanche,0,0,,0,0,0
11734,,Blanche,0,0,,0,0,0
11749,,Jaune,0,0,,0,0,0
11750,,Jaune,0,0,,0,0,0
11751,,Jaune,0,0,,0,0,0
11752,,Jaune,0,0,,0,0,0
11775,,Blanche,0,0,,0,0,0
11776,,Blanche,0,0,,0,0,0
11777,,Blanche,0,0,,0,0,0
11778,,Blanche,0,0,,0,0,0
11787,,Rose,0,5.35,Autre,6.91,12.12,356
11795,,Bleue,0,3.84,Autre,12.13,0,388
11811,,Bleue,0,5.54,Polygonale,11.69,13.64,575
11812,,Bleue,0,5.54,Polygonale,11.69,13.64,575
11813,,Bleue,0,5.54,Polygonale,11.69,13.64,575
11814,,Rose,0,5.16,Polygonale,11.71,13.67,553
11815,,Rose,0,5.16,Polygonale,11.71,13.67,553
11821,,Rose,0,0,,0,0,0
11822,,Rose,0,0,,0,0,0
11823,,Rose,0,0,,0,0,0
11824,,Rose,0,0,,0,0,0
11825,,Rose,0,0,,0,0,0
11835,,Blanche,0,0,,0,0,0
11836,,Blanche,0,0,,0,0,0
11837,,Blanche,0,0,,0,0,0
11838,,Blanche,0,0,,0,0,0
11839,,Blanche,0,0,,0,0,0
11840,,Blanche,0,0,,0,0,0
11841,,Blanche,0,0,,0,0,0
11842,,Blanche,0,0,,0,0,0
11843,,Blanche,0,0,,0,0,0
11851,,Blanche,0,0,,0,0,0
11852,,Blanche,0,0,,0,0,0
11853,,Blanche,0,0,,0,0,0
11858,,Blanche,0,0,,0,0,0
12103,,Translucide,0,0,,0,0,0
12104,,Grise,0,3.73,Rectangulaire_Carré,6.9,13.38,439
12105,,Grise,0,3.73,Rectangulaire_Carré,6.9,13.38,439
12106,,Grise,0,3.73,Rectangulaire_Carré,6.9,13.38,439
12121,,Blanche,0,0,,0,0,0
12122,,Blanche,0,0,,0,0,0
12130,,Translucide,0,0,,0,0,0
12131,,Translucide,0,0,,0,0,0
12132,,Translucide,0,0,,0,0,0
12187,,Orange,0,4.72,Autre,12.24,9.27,427
12188,,Orange,0,4.72,Autre,12.24,9.27,427
12189,,Orange,0,4.72,Autre,12.24,9.27,427
12190,,Orange,0,4.72,Autre,12.24,9.27,427
12191,,Orange,0,4.72,Autre,12.24,9.27,427
12192,,Bleue,0,5.16,Triangulaire,12.09,8.66,384
12193,,Bleue,0,5.16,Triangulaire,12.09,8.66,384
12194,,Bleue,0,5.16,Triangulaire,12.09,8.66,384
12195,,Bleue,0,5.16,Triangulaire,12.09,8.66,384
12196,,Bleue,0,5.16,Triangulaire,12.09,8.66,384
12197,,Rose,0,4.41,Autre,10.35,11.46,375
12198,,Rose,0,4.41,Autre,10.35,11.46,375
12199,,Rose,0,4.41,Autre,10.35,11.46,375
12200,,Rose,0,4.41,Autre,10.35,11.46,375
12201,,Rose,0,4.41,Autre,10.35,11.46,375
12305,,Bleue,8.16,2.29,Circulaire,0,0,159
12306,,Bleue,8.16,2.29,Circulaire,0,0,159
12307,,Bleue,8.16,2.29,Circulaire,0,0,159
12308,,Bleue,8.16,2.29,Circulaire,0,0,159
12309,,Bleue,0,0,,0,0,0
12310,,Bleue,0,0,,0,0,0
12312,,Beige,0,0,,0,0,0
12379,,Translucide,0,0,,0,0,0
12465,,Bleue,0,4.1,Polygonale,10.08,14.06,414
12466,,Rose,0,5.51,Polygonale,10.2,14.17,534
12551,,Rose,0,4.47,Autre,9.12,16.21,500
12552,,Rose,0,4.47,Autre,9.12,16.21,500
12553,,Rose,0,4.47,Autre,9.12,16.21,500
12637,,Blanc Cassé,0,0,,0,0,0
12654,,Vert,0,5.03,Autre,9.81,9.18,360.2
12655,,Vert,0,5.27,Autre,9.82,9.21,357.4
12656,,Vert,0,5.11,Autre,9.07,9.71,349.95
12657,,Vert,0,5.01,Autre,9.85,9.16,355.08
12658,,Vert,0,5.22,Autre,9.77,9.23,360.02
12660,,Vert,0,5.09,Autre,9.8,9.23,352.68
12689,,Translucide,0,0,,0,0,0
12840,,Bleue,0,4.06,Rectangulaire_Carré,12.01,7.11,410
12841,,Bleue,0,4.06,Rectangulaire_Carré,12.01,7.11,410
12842,,Bleue,0,4.06,Rectangulaire_Carré,12.01,7.11,410
13004,,Vert,0,5.15,Rectangulaire_Carré,8.05,12.48,494
13005,,Vert,0,5.15,Rectangulaire_Carré,8.05,12.48,494
13006,,Vert,0,5.15,Rectangulaire_Carré,8.05,12.48,494
13007,,Vert,0,5.15,Rectangulaire_Carré,8.05,12.48,494
13008,,Vert,0,5.15,Rectangulaire_Carré,8.05,12.48,494
13102,,Rose,0,3.82,Autre,11.23,12.17,395
13103,,Rose,0,3.82,Autre,11.23,12.17,395
13104,,Rose,0,3.82,Autre,11.23,12.17,395
13105,,Autre,0,3.87,Autre,11.2,12.2,387
13106,,Autre,0,3.87,Autre,11.2,12.2,387
13107,,Autre,0,3.87,Autre,11.2,12.2,387
13108,,Grise,0,4.2,Polygonale,10.2,14.1,410.67
13109,,Grise,0,4.2,Polygonale,10.2,14.1,410.67
13110,,Grise,0,4.2,Polygonale,10.2,14.1,410.67
13160,,Blanc Cassé,0,0,,0,0,0
13396,,Bleue,0,5.09,Autre,13.08,10.88,560.7
13397,,Bleue,0,4.89,Autre,13.08,10.95,535.5
13443,,Translucide,0,0,,0,0,0
13444,,Translucide,0,0,,0,0,0
13446,,Rouge,0,4.2,Rectangulaire_Carré,7.16,12.13,347
13447,,Rose,0,5.46,Polygonale,10.12,14.13,580
13448,,Rose,0,5.46,Polygonale,10.12,14.13,580
13449,,Rose,0,5.46,Polygonale,10.12,14.13,580
13450,,Rose,0,5.46,Polygonale,10.12,14.13,580
13451,,Rose,0,5.46,Polygonale,10.12,14.13,580
13452,,Rose,0,5.29,Autre,12.24,10.81,552
13453,,Bleue,0,5.47,Polygonale,7.09,11.61,474
13454,,Bleue,0,5.47,Polygonale,7.09,11.61,474
13455,,Bleue,0,5.47,Polygonale,7.09,11.61,474
13456,,Bleue,0,5.47,Polygonale,7.09,11.61,474
13457,,Bleue,0,5.47,Polygonale,7.09,11.61,474
13458,,Autre,0,5.05,Autre,11.25,12.28,508
13459,,Jaune,0,6.58,Autre,12.08,10.03,542
13460,,Vert,0,5.66,Autre,12.35,10.77,542
13461,,Grise,0,4.5,Autre,11.22,12.24,439
13476,,Violet,0,5.4,Polygonale,9.82,13.73,483
13477,,Violet,0,4.45,Rectangulaire_Carré,6.13,11.17,359
13479,,Grise,0,4.22,Polygonale,10.05,14.07,432
13480,,Grise,0,4.22,Polygonale,10.05,14.07,432
13481,,Grise,0,4.22,Polygonale,10.05,14.07,432
13482,,Grise,0,4.22,Polygonale,10.05,14.07,432
13483,,Grise,0,4.22,Polygonale,10.05,14.07,432
13485,,Grise,0,3.91,Polygonale,9.73,13.75,428
13486,,Grise,0,3.91,Polygonale,9.73,13.75,428
13487,,Grise,0,3.91,Polygonale,9.73,13.75,428
13488,,Grise,0,3.91,Polygonale,9.73,13.75,428
13489,,Grise,0,3.91,Polygonale,9.73,13.75,428
13491,,Vert,0,2.91,Autre,9.07,9.07,261
13492,,Vert,0,2.91,Autre,9.07,9.07,261
13509,,Vert,0,4.6,Autre,15.1,9.7,497
13510,,Vert,0,4.6,Autre,15.1,9.7,497
13511,,Vert,0,4.6,Autre,15.1,9.7,497
13512,,Vert,0,4.6,Autre,15.1,9.7,497
13513,,Vert,0,4.6,Autre,15.1,9.7,497
13590,,Beige,0,0,,0,0,0
13615,,Beige,0,0,,0,0,0
13616,,Beige,0,0,,0,0,0
13617,,Beige,0,0,,0,0,0
13618,,Beige,0,0,,0,0,0
13619,,Beige,0,0,,0,0,0
13620,,Beige,0,0,,0,0,0
13638,,Rose,0,4.1,Rectangulaire_Carré,12,6,350
13692,,Vert,0,0,,0,0,0
13697,,Blanche,0,0,,0,0,0
13698,,Blanche,0,0,,0,0,0
13799,,Beige,0,0,,0,0,0
13800,,Translucide,0,0,,0,0,0
13801,,Blanche,0,0,,0,0,0
13802,,Jaune,0,4.94,Autre,12.06,10.61,495
13803,,Rose,0,5.46,Autre,11.85,9.86,466
13804,,Bleue,0,5.02,Autre,10.22,10.57,393
13805,,Marron,0,5.59,Autre,11.77,10.21,455
13806,,Grise,0,5.2,Autre,15.11,9.7,585
14021,,Beige,0,0,,0,0,0
14058,,Translucide,0,0,,0,0,0
14059,,Translucide,0,0,,0,0,0
14061,,Translucide,0,0,,0,0,0
14062,,Translucide,0,0,,0,0,0
14115,,Translucide,0,0,,0,0,0
14116,,Translucide,0,0,,0,0,0
14220,,Jaune,0,0,,0,0,0
14221,,Beige,0,0,,0,0,0
14222,,Blanche,0,0,,0,0,0
14223,,Blanche,0,0,,0,0,0
